Task,ParentTask,Phase,Status,Priority,Role,Date,Notes
Opracowanie listy zadań z estymacjami,,Planowanie,Do zrobienia,Normalne,Koordynacja,2025-08-22,Rozpisz roboczogodziny i osoby
Podziel zadania na etapy,Opracowanie listy zadań z estymacjami,Planowanie,Do zrobienia,Normalne,Koordynacja,2025-08-22,
Oszacuj czas (roboczogodziny),Opracowanie listy zadań z estymacjami,Planowanie,Do zrobienia,Normalne,Koordynacja,2025-08-22,
Przypisz osoby,Opracowanie listy zadań z estymacjami,Planowanie,Do zrobienia,Normalne,Koordynacja,2025-08-22,
Przydzielenie zasobów (liczba osób per zadanie),,Planowanie,Do zrobienia,Normalne,Koordynacja,2025-08-22,Przeciążenia? Dodaj rezerwę
Lista osób i kontaktów,Przydzielenie zasobów (liczba osób per zadanie),Planowanie,Do zrobienia,Normalne,Koordynacja,2025-08-22,
Sprawdzenie dostępności,Przydzielenie zasobów (liczba osób per zadanie),Planowanie,Do zrobienia,Normalne,Koordynacja,2025-08-22,
Przydział ról,Przydzielenie zasobów (liczba osób per zadanie),Planowanie,Do zrobienia,Normalne,Koordynacja,2025-08-22,
Zweryfikowanie dostępności i cen paneli na aloweogrodowe.pl,,Zakupy,Do zrobienia,Krytyczne,Zakupy,2025-08-23,"Zweryfikuj model, ilość, cenę"
Sprawdź aloweogrodowe.pl,Zweryfikowanie dostępności i cen paneli na aloweogrodowe.pl,Zakupy,Do zrobienia,Krytyczne,Zakupy,2025-08-23,
Zrób zrzut ekranu oferty,Zweryfikowanie dostępności i cen paneli na aloweogrodowe.pl,Zakupy,Do zrobienia,Krytyczne,Zakupy,2025-08-23,
Zanotuj czas dostawy,Zweryfikowanie dostępności i cen paneli na aloweogrodowe.pl,Zakupy,Do zrobienia,Krytyczne,Zakupy,2025-08-23,
Określenie wymaganą liczbę paneli i złożenie zamówienia z dostawą do piątku,,Zakupy,Do zrobienia,Krytyczne,Zakupy,2025-08-23,34 m² + 10–15% zapasu
Policz ilość paneli,Określenie wymaganą liczbę paneli i złożenie zamówienia z dostawą do piątku,Zakupy,Do zrobienia,Krytyczne,Zakupy,2025-08-23,
Złóż zamówienie,Określenie wymaganą liczbę paneli i złożenie zamówienia z dostawą do piątku,Zakupy,Do zrobienia,Krytyczne,Zakupy,2025-08-23,
Potwierdź termin dostawy,Określenie wymaganą liczbę paneli i złożenie zamówienia z dostawą do piątku,Zakupy,Do zrobienia,Krytyczne,Zakupy,2025-08-23,
"Potwierdzenie specyfikacji materiałów (klej, tekstylia, dykta)",,Zakupy,Do zrobienia,Normalne,Zakupy/Montaż,2025-08-24,"Klej, tekstylia, dykta – test próbki"
Wybór kleju (parametry),"Potwierdzenie specyfikacji materiałów (klej, tekstylia, dykta)",Zakupy,Do zrobienia,Normalne,Zakupy/Montaż,2025-08-24,
Wybór tekstyliów (próbki),"Potwierdzenie specyfikacji materiałów (klej, tekstylia, dykta)",Zakupy,Do zrobienia,Normalne,Zakupy/Montaż,2025-08-24,
Określ grubość dykty,"Potwierdzenie specyfikacji materiałów (klej, tekstylia, dykta)",Zakupy,Do zrobienia,Normalne,Zakupy/Montaż,2025-08-24,
Zweryfikowanie finalnej liczby kieszeni na rośliny i źródło zakupu,,Zakupy,Do zrobienia,Normalne,Ogrodnictwo,2025-08-24,Układ kieszeni + zapas 2–3 szt.
Policz rośliny,Zweryfikowanie finalnej liczby kieszeni na rośliny i źródło zakupu,Zakupy,Do zrobienia,Normalne,Ogrodnictwo,2025-08-24,
Narysuj układ kieszeni,Zweryfikowanie finalnej liczby kieszeni na rośliny i źródło zakupu,Zakupy,Do zrobienia,Normalne,Ogrodnictwo,2025-08-24,
Zamów zapas 2–3 szt.,Zweryfikowanie finalnej liczby kieszeni na rośliny i źródło zakupu,Zakupy,Do zrobienia,Normalne,Ogrodnictwo,2025-08-24,
"Przygotowanie planu transportu roślin (trasa, terminy, osoby odpowiedzialne, pojazd)",,Logistyka,Do zrobienia,Krytyczne,Ogrodnictwo/Logistyka,2025-08-25,"Lista roślin, zabezpieczenia, kierowca"
Lista gatunków i donic,"Przygotowanie planu transportu roślin (trasa, terminy, osoby odpowiedzialne, pojazd)",Logistyka,Do zrobienia,Krytyczne,Ogrodnictwo/Logistyka,2025-08-25,
"Materiały ochronne (folie, kartony)","Przygotowanie planu transportu roślin (trasa, terminy, osoby odpowiedzialne, pojazd)",Logistyka,Do zrobienia,Krytyczne,Ogrodnictwo/Logistyka,2025-08-25,
Plan trasy i godziny,"Przygotowanie planu transportu roślin (trasa, terminy, osoby odpowiedzialne, pojazd)",Logistyka,Do zrobienia,Krytyczne,Ogrodnictwo/Logistyka,2025-08-25,
Zorganizowanie noclegów dla zespołu,,Logistyka,Do zrobienia,Normalne,Logistyka,2025-08-25,"Blisko hali, parking dla busa"
Wybór hotelu,Zorganizowanie noclegów dla zespołu,Logistyka,Do zrobienia,Normalne,Logistyka,2025-08-25,
Rezerwacja pokoi,Zorganizowanie noclegów dla zespołu,Logistyka,Do zrobienia,Normalne,Logistyka,2025-08-25,
Potwierdzenie mailowe,Zorganizowanie noclegów dla zespołu,Logistyka,Do zrobienia,Normalne,Logistyka,2025-08-25,
Dogadanie ludzi do wykonania paneli i montażu,,Logistyka,Do zrobienia,Normalne,Koordynacja/Montaż,2025-08-26,"Min. 2–3 monterów, potwierdź obecność"
Określ liczbę monterów,Dogadanie ludzi do wykonania paneli i montażu,Logistyka,Do zrobienia,Normalne,Koordynacja/Montaż,2025-08-26,
Ustal stawki i godziny,Dogadanie ludzi do wykonania paneli i montażu,Logistyka,Do zrobienia,Normalne,Koordynacja/Montaż,2025-08-26,
Potwierdź obecność,Dogadanie ludzi do wykonania paneli i montażu,Logistyka,Do zrobienia,Normalne,Koordynacja/Montaż,2025-08-26,
Zarezerwowanie samochodu,,Logistyka,Do zrobienia,Normalne,Logistyka,2025-08-26,"Bus/van, ubezpieczenie"
Wybór pojazdu,Zarezerwowanie samochodu,Logistyka,Do zrobienia,Normalne,Logistyka,2025-08-26,
Rezerwacja busa/auta,Zarezerwowanie samochodu,Logistyka,Do zrobienia,Normalne,Logistyka,2025-08-26,
Sprawdzenie ubezpieczenia,Zarezerwowanie samochodu,Logistyka,Do zrobienia,Normalne,Logistyka,2025-08-26,
Przygotowanie szczegółowego harmonogramu przygotowań i montażu wraz z kamieniami milowymi,,Planowanie,Do zrobienia,Krytyczne,Koordynacja,2025-08-27,Plan 22–31.08 + bufor
Rozpisz dni i kamienie,Przygotowanie szczegółowego harmonogramu przygotowań i montażu wraz z kamieniami milowymi,Planowanie,Do zrobienia,Krytyczne,Koordynacja,2025-08-27,
Dodaj bufor czasu,Przygotowanie szczegółowego harmonogramu przygotowań i montażu wraz z kamieniami milowymi,Planowanie,Do zrobienia,Krytyczne,Koordynacja,2025-08-27,
Zatwierdź z zespołem,Przygotowanie szczegółowego harmonogramu przygotowań i montażu wraz z kamieniami milowymi,Planowanie,Do zrobienia,Krytyczne,Koordynacja,2025-08-27,
Sprawdzenie stanu zamówionych materiałów i paneli,,Zakupy,Do zrobienia,Normalne,Zakupy,2025-08-28,"Ilość, jakość, zdjęcia"
Sprawdź ilość i jakość,Sprawdzenie stanu zamówionych materiałów i paneli,Zakupy,Do zrobienia,Normalne,Zakupy,2025-08-28,
Zrób zdjęcia,Sprawdzenie stanu zamówionych materiałów i paneli,Zakupy,Do zrobienia,Normalne,Zakupy,2025-08-28,
Zgłoś braki,Sprawdzenie stanu zamówionych materiałów i paneli,Zakupy,Do zrobienia,Normalne,Zakupy,2025-08-28,
Przygotowanie narzędzi i materiałów do montażu,,Kontrola,Do zrobienia,Normalne,Montaż,2025-08-28,"Lista narzędzi, baterie, śruby"
Lista narzędzi,Przygotowanie narzędzi i materiałów do montażu,Kontrola,Do zrobienia,Normalne,Montaż,2025-08-28,
Test sprzętu i baterii,Przygotowanie narzędzi i materiałów do montażu,Kontrola,Do zrobienia,Normalne,Montaż,2025-08-28,
Zakup braków,Przygotowanie narzędzi i materiałów do montażu,Kontrola,Do zrobienia,Normalne,Montaż,2025-08-28,
Pakowanie i przygotowanie do wyjazdu,,Logistyka,Do zrobienia,Normalne,Logistyka/Ogrodnictwo,2025-08-29,"Etykiety, zabezpieczenie roślin"
Pakowanie materiałów,Pakowanie i przygotowanie do wyjazdu,Logistyka,Do zrobienia,Normalne,Logistyka/Ogrodnictwo,2025-08-29,
Etykietowanie kartonów,Pakowanie i przygotowanie do wyjazdu,Logistyka,Do zrobienia,Normalne,Logistyka/Ogrodnictwo,2025-08-29,
Zabezpieczenie roślin,Pakowanie i przygotowanie do wyjazdu,Logistyka,Do zrobienia,Normalne,Logistyka/Ogrodnictwo,2025-08-29,
Ostateczne potwierdzenie wszystkich szczegółów,,Planowanie,Do zrobienia,Krytyczne,Koordynacja,2025-08-29,Klient/noclegi/auto – potwierdzenia
Telefon do klienta,Ostateczne potwierdzenie wszystkich szczegółów,Planowanie,Do zrobienia,Krytyczne,Koordynacja,2025-08-29,
Potwierdź noclegi i auto,Ostateczne potwierdzenie wszystkich szczegółów,Planowanie,Do zrobienia,Krytyczne,Koordynacja,2025-08-29,
Wyślij PDF z planem,Ostateczne potwierdzenie wszystkich szczegółów,Planowanie,Do zrobienia,Krytyczne,Koordynacja,2025-08-29,
Wyjazd do Kielc,,Logistyka,Do zrobienia,Krytyczne,Logistyka/Koordynacja,2025-08-30,"Załadunek, lista obecności"
Spotkanie poranne,Wyjazd do Kielc,Logistyka,Do zrobienia,Krytyczne,Logistyka/Koordynacja,2025-08-30,
Załadunek,Wyjazd do Kielc,Logistyka,Do zrobienia,Krytyczne,Logistyka/Koordynacja,2025-08-30,
Wyjazd wg planu,Wyjazd do Kielc,Logistyka,Do zrobienia,Krytyczne,Logistyka/Koordynacja,2025-08-30,
Rozpoczęcie montażu dekoracji,,Montaż,Do zrobienia,Normalne,Montaż/Ogrodnictwo,2025-08-30,Panele + podkład
Rozładunek,Rozpoczęcie montażu dekoracji,Montaż,Do zrobienia,Normalne,Montaż/Ogrodnictwo,2025-08-30,
Montaż paneli,Rozpoczęcie montażu dekoracji,Montaż,Do zrobienia,Normalne,Montaż/Ogrodnictwo,2025-08-30,
Montaż podkładu,Rozpoczęcie montażu dekoracji,Montaż,Do zrobienia,Normalne,Montaż/Ogrodnictwo,2025-08-30,
Kontynuacja montażu dekoracji,,Montaż,Do zrobienia,Normalne,Montaż/Ogrodnictwo,2025-08-31,"Kieszenie, tekstylia, rośliny"
Montaż kieszeni,Kontynuacja montażu dekoracji,Montaż,Do zrobienia,Normalne,Montaż/Ogrodnictwo,2025-08-31,
Instalacja tekstyliów,Kontynuacja montażu dekoracji,Montaż,Do zrobienia,Normalne,Montaż/Ogrodnictwo,2025-08-31,
Sadzenie roślin,Kontynuacja montażu dekoracji,Montaż,Do zrobienia,Normalne,Montaż/Ogrodnictwo,2025-08-31,
Sprawdzenie postępów i ewentualne korekty,,Kontrola,Do zrobienia,Normalne,Koordynacja,2025-08-31,Dokumentacja zdjęciowa
Przegląd jakości,Sprawdzenie postępów i ewentualne korekty,Kontrola,Do zrobienia,Normalne,Koordynacja,2025-08-31,
Korekty,Sprawdzenie postępów i ewentualne korekty,Kontrola,Do zrobienia,Normalne,Koordynacja,2025-08-31,
Zdjęcia dokumentacyjne,Sprawdzenie postępów i ewentualne korekty,Kontrola,Do zrobienia,Normalne,Koordynacja,2025-08-31,
Zakończenie montażu dekoracji,,Montaż,Do zrobienia,Krytyczne,Montaż/Ogrodnictwo,2025-09-01,Ostatnie poprawki i porządek
Ostatnie poprawki,Zakończenie montażu dekoracji,Montaż,Do zrobienia,Krytyczne,Montaż/Ogrodnictwo,2025-09-01,
Sprzątanie,Zakończenie montażu dekoracji,Montaż,Do zrobienia,Krytyczne,Montaż/Ogrodnictwo,2025-09-01,
Przegląd końcowy,Zakończenie montażu dekoracji,Montaż,Do zrobienia,Krytyczne,Montaż/Ogrodnictwo,2025-09-01,
Przygotowanie stoisk na targi,,Montaż,Do zrobienia,Normalne,Montaż/Ogrodnictwo,2025-09-01,"Oświetlenie, czystość, ekspozycja"
Ustaw ekspozycje,Przygotowanie stoisk na targi,Montaż,Do zrobienia,Normalne,Montaż/Ogrodnictwo,2025-09-01,
Sprawdź oświetlenie,Przygotowanie stoisk na targi,Montaż,Do zrobienia,Normalne,Montaż/Ogrodnictwo,2025-09-01,
Finalne zdjęcia,Przygotowanie stoisk na targi,Montaż,Do zrobienia,Normalne,Montaż/Ogrodnictwo,2025-09-01,
