Task,Status,Priority,Role,Date,Notes
Potwierdzenie klienta,Do zrobienia,Krytyczne,Koordynacja,2025-08-22,Zakres i specyfikacja
Opracowanie listy zadań + estymacje,Do zrobienia,Normalne,Koordynacja,2025-08-22,Tabela roboczogodzin
Przydzielenie zasobów,Do zrobienia,Normalne,Koordynacja,2025-08-22,Przypisz role
Sprawdzenie paneli,Do zrobienia,Krytyczne,Zakupy,2025-08-23,"Model, ilość, cena"
Porównanie dostawców paneli,Do zrobienia,Normalne,Zakupy,2025-08-23,Min. 2 alternatywy
Zamówienie paneli,Do zrobienia,Krytyczne,Zakupy,2025-08-23,Dostawa do 29.08
Potwierdzenie specyfikacji materiałów,Do zrobienia,Normalne,Zakupy/Montaż,2025-08-24,"Klej, tekstylia, dykta"
Zweryfikowanie liczby kieszeni,Do zrobienia,Normalne,Ogrodnictwo,2025-08-24,Układ + zapas
Plan transportu roślin,Do zrobienia,Krytyczne,Ogrodnictwo/Logistyka,2025-08-25,"Lista roślin, kierowca"
Zorganizowanie noclegów,Do zrobienia,Normalne,Logistyka,2025-08-25,Blisko hali
Dogadanie ludzi do montażu,Do zrobienia,Normalne,Koordynacja/Montaż,2025-08-26,2–3 osoby
Zarezerwowanie samochodu,Do zrobienia,Normalne,Logistyka,2025-08-26,Bus/van
Harmonogram + kamienie milowe,Do zrobienia,Krytyczne,Koordynacja,2025-08-27,Plan 22–31.08
Rozpisanie ról i godzin pracy,Do zrobienia,Normalne,Koordynacja,2025-08-27,Tablica z godzinami
Sprawdzenie stanu dostaw,Do zrobienia,Normalne,Zakupy,2025-08-28,Zgodność + zdjęcia
Przygotowanie narzędzi,Do zrobienia,Normalne,Montaż,2025-08-28,"Wkrętarki, noże, baterie"
Pakowanie,Do zrobienia,Normalne,Logistyka/Ogrodnictwo,2025-08-29,"Etykiety, zabezpieczenia"
Ostateczne potwierdzenie szczegółów,Do zrobienia,Krytyczne,Koordynacja,2025-08-29,Klient/noclegi/auto
Wyjazd do Kielc,Do zrobienia,Krytyczne,Logistyka/Koordynacja,2025-08-30,"Załadunek, obecność"
Zakwaterowanie + rozładunek,Do zrobienia,Normalne,Logistyka,2025-08-30,Spotkanie wieczorne
Rozpoczęcie montażu,Do zrobienia,Normalne,Montaż/Ogrodnictwo,2025-08-30,Panele i podkład
Kontynuacja montażu,Do zrobienia,Normalne,Montaż/Ogrodnictwo,2025-08-31,"Kieszenie, rośliny"
Sprawdzenie postępów + korekty,Do zrobienia,Normalne,Koordynacja,2025-08-31,Dokumentacja
Zakończenie montażu,Do zrobienia,Krytyczne,Montaż/Ogrodnictwo,2025-09-01,Ostatnie poprawki
Przygotowanie stoisk,Do zrobienia,Normalne,Montaż/Ogrodnictwo,2025-09-01,"Oświetlenie, czystość"
Odbiór klienta,Do zrobienia,Krytyczne,Koordynacja,2025-09-01,"Prezentacja, feedback"
