Task,Parent,Status,Priority,Role,Date,Notes
Opracowanie listy zadań z estymacjami,—,Do zrobienia,Normalne,Koordynacja,2025-08-22,Rozpisz roboczogodziny i osoby
Przydzielenie zasobów (liczba osób per zadanie),—,Do zrobienia,Normalne,Koordynacja,2025-08-22,Przeciążenia? Dodaj rezerwę
Zweryfikowanie dostępności i cen paneli na aloweogrodowe.pl,—,Do zrobienia,Krytyczne,Zakupy,2025-08-23,"Zweryfikuj model, ilość, cenę"
Określenie wymaganą liczbę paneli i złożenie zamówienia z dostawą do piątku,—,Do zrobienia,Krytyczne,Zakupy,2025-08-23,34 m² + 10–15% zapasu
"Potwierdzenie specyfikacji materiałów (klej, tekstylia, dykta)",—,Do zrobienia,Normalne,Zakupy/Montaż,2025-08-24,"Klej, tekstylia, dykta – test próbki"
Zweryfikowanie finalnej liczby kieszeni na rośliny i źródło zakupu,—,Do zrobienia,Normalne,Ogrodnictwo,2025-08-24,Układ kieszeni + zapas 2–3 szt.
"Przygotowanie planu transportu roślin (trasa, terminy, osoby odpowiedzialne, pojazd)",—,Do zrobienia,Krytyczne,Ogrodnictwo/Logistyka,2025-08-25,"Lista roślin, zabezpieczenia, kierowca"
Zorganizowanie noclegów dla zespołu,—,Do zrobienia,Normalne,Logistyka,2025-08-25,"Blisko hali, parking dla busa"
Dogadanie ludzi do wykonania paneli i montażu,—,Do zrobienia,Normalne,Koordynacja/Montaż,2025-08-26,"Min. 2–3 monterów, potwierdź obecność"
Zarezerwowanie samochodu,—,Do zrobienia,Normalne,Logistyka,2025-08-26,"Bus/van, ubezpieczenie"
Przygotowanie szczegółowego harmonogramu przygotowań i montażu wraz z kamieniami milowymi,—,Do zrobienia,Krytyczne,Koordynacja,2025-08-27,Plan 22–31.08 + bufor
Sprawdzenie stanu zamówionych materiałów i paneli,—,Do zrobienia,Normalne,Zakupy,2025-08-28,"Ilość, jakość, zdjęcia"
Przygotowanie narzędzi i materiałów do montażu,—,Do zrobienia,Normalne,Montaż,2025-08-28,"Lista narzędzi, baterie, śruby"
Pakowanie i przygotowanie do wyjazdu,—,Do zrobienia,Normalne,Logistyka/Ogrodnictwo,2025-08-29,"Etykiety, zabezpieczenie roślin"
Ostateczne potwierdzenie wszystkich szczegółów,—,Do zrobienia,Krytyczne,Koordynacja,2025-08-29,Klient/noclegi/auto – potwierdzenia
Wyjazd do Kielc,—,Do zrobienia,Krytyczne,Logistyka/Koordynacja,2025-08-30,"Załadunek, lista obecności"
Rozpoczęcie montażu dekoracji,—,Do zrobienia,Normalne,Montaż/Ogrodnictwo,2025-08-30,Panele + podkład
Kontynuacja montażu dekoracji,—,Do zrobienia,Normalne,Montaż/Ogrodnictwo,2025-08-31,"Kieszenie, tekstylia, rośliny"
Sprawdzenie postępów i ewentualne korekty,—,Do zrobienia,Normalne,Koordynacja,2025-08-31,Dokumentacja zdjęciowa
Zakończenie montażu dekoracji,—,Do zrobienia,Krytyczne,Montaż/Ogrodnictwo,2025-09-01,Ostatnie poprawki i porządek
Przygotowanie stoisk na targi,—,Do zrobienia,Normalne,Montaż/Ogrodnictwo,2025-09-01,"Oświetlenie, czystość, ekspozycja"
Podziel zadania na etapy,Opracowanie listy zadań z estymacjami,Do zrobienia,Normalne,Koordynacja,2025-08-22,
Oszacuj czas (roboczogodziny),Opracowanie listy zadań z estymacjami,Do zrobienia,Normalne,Koordynacja,2025-08-22,
Przypisz osoby,Opracowanie listy zadań z estymacjami,Do zrobienia,Normalne,Koordynacja,2025-08-22,
Lista osób i kontaktów,Przydzielenie zasobów (liczba osób per zadanie),Do zrobienia,Normalne,Koordynacja,2025-08-22,
Sprawdzenie dostępności,Przydzielenie zasobów (liczba osób per zadanie),Do zrobienia,Normalne,Koordynacja,2025-08-22,
Przydział ról,Przydzielenie zasobów (liczba osób per zadanie),Do zrobienia,Normalne,Koordynacja,2025-08-22,
Sprawdź aloweogrodowe.pl,Zweryfikowanie dostępności i cen paneli na aloweogrodowe.pl,Do zrobienia,Krytyczne,Zakupy,2025-08-23,
Zrób zrzut ekranu oferty,Zweryfikowanie dostępności i cen paneli na aloweogrodowe.pl,Do zrobienia,Krytyczne,Zakupy,2025-08-23,
Zanotuj czas dostawy,Zweryfikowanie dostępności i cen paneli na aloweogrodowe.pl,Do zrobienia,Krytyczne,Zakupy,2025-08-23,
Policz ilość paneli,Określenie wymaganą liczbę paneli i złożenie zamówienia z dostawą do piątku,Do zrobienia,Krytyczne,Zakupy,2025-08-23,
Złóż zamówienie,Określenie wymaganą liczbę paneli i złożenie zamówienia z dostawą do piątku,Do zrobienia,Krytyczne,Zakupy,2025-08-23,
Potwierdź termin dostawy,Określenie wymaganą liczbę paneli i złożenie zamówienia z dostawą do piątku,Do zrobienia,Krytyczne,Zakupy,2025-08-23,
Wybór kleju (parametry),"Potwierdzenie specyfikacji materiałów (klej, tekstylia, dykta)",Do zrobienia,Normalne,Zakupy/Montaż,2025-08-24,
Wybór tekstyliów (próbki),"Potwierdzenie specyfikacji materiałów (klej, tekstylia, dykta)",Do zrobienia,Normalne,Zakupy/Montaż,2025-08-24,
Określ grubość dykty,"Potwierdzenie specyfikacji materiałów (klej, tekstylia, dykta)",Do zrobienia,Normalne,Zakupy/Montaż,2025-08-24,
Policz rośliny,Zweryfikowanie finalnej liczby kieszeni na rośliny i źródło zakupu,Do zrobienia,Normalne,Ogrodnictwo,2025-08-24,
Narysuj układ kieszeni,Zweryfikowanie finalnej liczby kieszeni na rośliny i źródło zakupu,Do zrobienia,Normalne,Ogrodnictwo,2025-08-24,
Zamów zapas 2–3 szt.,Zweryfikowanie finalnej liczby kieszeni na rośliny i źródło zakupu,Do zrobienia,Normalne,Ogrodnictwo,2025-08-24,
Lista gatunków i donic,"Przygotowanie planu transportu roślin (trasa, terminy, osoby odpowiedzialne, pojazd)",Do zrobienia,Krytyczne,Ogrodnictwo/Logistyka,2025-08-25,
"Materiały ochronne (folie, kartony)","Przygotowanie planu transportu roślin (trasa, terminy, osoby odpowiedzialne, pojazd)",Do zrobienia,Krytyczne,Ogrodnictwo/Logistyka,2025-08-25,
Plan trasy i godziny,"Przygotowanie planu transportu roślin (trasa, terminy, osoby odpowiedzialne, pojazd)",Do zrobienia,Krytyczne,Ogrodnictwo/Logistyka,2025-08-25,
Wybór hotelu,Zorganizowanie noclegów dla zespołu,Do zrobienia,Normalne,Logistyka,2025-08-25,
Rezerwacja pokoi,Zorganizowanie noclegów dla zespołu,Do zrobienia,Normalne,Logistyka,2025-08-25,
Potwierdzenie mailowe,Zorganizowanie noclegów dla zespołu,Do zrobienia,Normalne,Logistyka,2025-08-25,
Określ liczbę monterów,Dogadanie ludzi do wykonania paneli i montażu,Do zrobienia,Normalne,Koordynacja/Montaż,2025-08-26,
Ustal stawki i godziny,Dogadanie ludzi do wykonania paneli i montażu,Do zrobienia,Normalne,Koordynacja/Montaż,2025-08-26,
Potwierdź obecność,Dogadanie ludzi do wykonania paneli i montażu,Do zrobienia,Normalne,Koordynacja/Montaż,2025-08-26,
Wybór pojazdu,Zarezerwowanie samochodu,Do zrobienia,Normalne,Logistyka,2025-08-26,
Rezerwacja busa/auta,Zarezerwowanie samochodu,Do zrobienia,Normalne,Logistyka,2025-08-26,
Sprawdzenie ubezpieczenia,Zarezerwowanie samochodu,Do zrobienia,Normalne,Logistyka,2025-08-26,
Rozpisz dni i kamienie,Przygotowanie szczegółowego harmonogramu przygotowań i montażu wraz z kamieniami milowymi,Do zrobienia,Krytyczne,Koordynacja,2025-08-27,
Dodaj bufor czasu,Przygotowanie szczegółowego harmonogramu przygotowań i montażu wraz z kamieniami milowymi,Do zrobienia,Krytyczne,Koordynacja,2025-08-27,
Zatwierdź z zespołem,Przygotowanie szczegółowego harmonogramu przygotowań i montażu wraz z kamieniami milowymi,Do zrobienia,Krytyczne,Koordynacja,2025-08-27,
Sprawdź ilość i jakość,Sprawdzenie stanu zamówionych materiałów i paneli,Do zrobienia,Normalne,Zakupy,2025-08-28,
Zrób zdjęcia,Sprawdzenie stanu zamówionych materiałów i paneli,Do zrobienia,Normalne,Zakupy,2025-08-28,
Zgłoś braki,Sprawdzenie stanu zamówionych materiałów i paneli,Do zrobienia,Normalne,Zakupy,2025-08-28,
Lista narzędzi,Przygotowanie narzędzi i materiałów do montażu,Do zrobienia,Normalne,Montaż,2025-08-28,
Test sprzętu i baterii,Przygotowanie narzędzi i materiałów do montażu,Do zrobienia,Normalne,Montaż,2025-08-28,
Zakup braków,Przygotowanie narzędzi i materiałów do montażu,Do zrobienia,Normalne,Montaż,2025-08-28,
Pakowanie materiałów,Pakowanie i przygotowanie do wyjazdu,Do zrobienia,Normalne,Logistyka/Ogrodnictwo,2025-08-29,
Etykietowanie kartonów,Pakowanie i przygotowanie do wyjazdu,Do zrobienia,Normalne,Logistyka/Ogrodnictwo,2025-08-29,
Zabezpieczenie roślin,Pakowanie i przygotowanie do wyjazdu,Do zrobienia,Normalne,Logistyka/Ogrodnictwo,2025-08-29,
Telefon do klienta,Ostateczne potwierdzenie wszystkich szczegółów,Do zrobienia,Krytyczne,Koordynacja,2025-08-29,
Potwierdź noclegi i auto,Ostateczne potwierdzenie wszystkich szczegółów,Do zrobienia,Krytyczne,Koordynacja,2025-08-29,
Wyślij PDF z planem,Ostateczne potwierdzenie wszystkich szczegółów,Do zrobienia,Krytyczne,Koordynacja,2025-08-29,
Spotkanie poranne,Wyjazd do Kielc,Do zrobienia,Krytyczne,Logistyka/Koordynacja,2025-08-30,
Załadunek,Wyjazd do Kielc,Do zrobienia,Krytyczne,Logistyka/Koordynacja,2025-08-30,
Wyjazd wg planu,Wyjazd do Kielc,Do zrobienia,Krytyczne,Logistyka/Koordynacja,2025-08-30,
Rozładunek,Rozpoczęcie montażu dekoracji,Do zrobienia,Normalne,Montaż/Ogrodnictwo,2025-08-30,
Montaż paneli,Rozpoczęcie montażu dekoracji,Do zrobienia,Normalne,Montaż/Ogrodnictwo,2025-08-30,
Montaż podkładu,Rozpoczęcie montażu dekoracji,Do zrobienia,Normalne,Montaż/Ogrodnictwo,2025-08-30,
Montaż kieszeni,Kontynuacja montażu dekoracji,Do zrobienia,Normalne,Montaż/Ogrodnictwo,2025-08-31,
Instalacja tekstyliów,Kontynuacja montażu dekoracji,Do zrobienia,Normalne,Montaż/Ogrodnictwo,2025-08-31,
Sadzenie roślin,Kontynuacja montażu dekoracji,Do zrobienia,Normalne,Montaż/Ogrodnictwo,2025-08-31,
Przegląd jakości,Sprawdzenie postępów i ewentualne korekty,Do zrobienia,Normalne,Koordynacja,2025-08-31,
Korekty,Sprawdzenie postępów i ewentualne korekty,Do zrobienia,Normalne,Koordynacja,2025-08-31,
Zdjęcia dokumentacyjne,Sprawdzenie postępów i ewentualne korekty,Do zrobienia,Normalne,Koordynacja,2025-08-31,
Ostatnie poprawki,Zakończenie montażu dekoracji,Do zrobienia,Krytyczne,Montaż/Ogrodnictwo,2025-09-01,
Sprzątanie,Zakończenie montażu dekoracji,Do zrobienia,Krytyczne,Montaż/Ogrodnictwo,2025-09-01,
Przegląd końcowy,Zakończenie montażu dekoracji,Do zrobienia,Krytyczne,Montaż/Ogrodnictwo,2025-09-01,
Ustaw ekspozycje,Przygotowanie stoisk na targi,Do zrobienia,Normalne,Montaż/Ogrodnictwo,2025-09-01,
Sprawdź oświetlenie,Przygotowanie stoisk na targi,Do zrobienia,Normalne,Montaż/Ogrodnictwo,2025-09-01,
Finalne zdjęcia,Przygotowanie stoisk na targi,Do zrobienia,Normalne,Montaż/Ogrodnictwo,2025-09-01,
