Task,Parent,Status,Priority,Role,Date,Notes,Etap #,Typ zadania,Bufor czasu,Checklista dzienna
Opracowanie listy zadań z estymacjami,01. Planowanie,Do zrobienia,Normalne,Koordynacja,2025-08-22,Rozpisz roboczogodziny i osoby,01,Planowanie,Tak,Do sprawdzenia
Przydzielenie zasobów (liczba osób per zadanie),02. Zasoby,Do zrobienia,Normalne,Koordynacja,2025-08-22,Przeciążenia? Dodaj rezerwę,02,Planowanie,Tak,Do sprawdzenia
Zweryfikowanie dostępności i cen paneli na aloweogrodowe.pl,03. Weryfikacja paneli,Do zrobienia,Krytyczne,Zakupy,2025-08-23,"Zweryfikuj model, ilość, cenę",03,Zakupy,Tak,Do sprawdzenia
Określenie wymaganą liczbę paneli i złożenie zamówienia z dostawą do piątku,04. Zamówienie paneli,Do zrobienia,Krytyczne,Zakupy,2025-08-23,34 m² + 10–15% zapasu,04,Zakupy,Tak,Do sprawdzenia
"Potwierdzenie specyfikacji materiałów (klej, tekstylia, dykta)",05. Specyfikacja materiałów,Do zrobienia,Normalne,Zakupy/Montaż,2025-08-24,"Klej, tekstylia, dykta – test próbki",05,Zakupy,Tak,Do sprawdzenia
Zweryfikowanie finalnej liczby kieszeni na rośliny i źródło zakupu,06. Kieszenie na rośliny,Do zrobienia,Normalne,Ogrodnictwo,2025-08-24,Układ kieszeni + zapas 2–3 szt.,06,Ogrodnictwo,Tak,Do sprawdzenia
"Przygotowanie planu transportu roślin (trasa, terminy, osoby odpowiedzialne, pojazd)",07. Transport roślin,Do zrobienia,Krytyczne,Ogrodnictwo/Logistyka,2025-08-25,"Lista roślin, zabezpieczenia, kierowca",07,Logistyka,Tak,Do sprawdzenia
Zorganizowanie noclegów dla zespołu,08. Noclegi,Do zrobienia,Normalne,Logistyka,2025-08-25,"Blisko hali, parking dla busa",08,Logistyka,Tak,Do sprawdzenia
Dogadanie ludzi do wykonania paneli i montażu,09. Ludzie do montażu,Do zrobienia,Normalne,Koordynacja/Montaż,2025-08-26,"Min. 2–3 monterów, potwierdź obecność",09,Planowanie,Tak,Do sprawdzenia
Zarezerwowanie samochodu,10. Samochód,Do zrobienia,Normalne,Logistyka,2025-08-26,"Bus/van, ubezpieczenie",10,Logistyka,Tak,Do sprawdzenia
Przygotowanie szczegółowego harmonogramu przygotowań i montażu wraz z kamieniami milowymi,11. Harmonogram,Do zrobienia,Krytyczne,Koordynacja,2025-08-27,Plan 22–31.08 + bufor,11,Planowanie,Tak,Do sprawdzenia
Sprawdzenie stanu zamówionych materiałów i paneli,12. Kontrola dostaw,Do zrobienia,Normalne,Zakupy,2025-08-28,"Ilość, jakość, zdjęcia",12,Zakupy,Tak,Do sprawdzenia
Przygotowanie narzędzi i materiałów do montażu,13. Narzędzia,Do zrobienia,Normalne,Montaż,2025-08-28,"Lista narzędzi, baterie, śruby",13,Montaż,Tak,Do sprawdzenia
Pakowanie i przygotowanie do wyjazdu,14. Pakowanie,Do zrobienia,Normalne,Logistyka/Ogrodnictwo,2025-08-29,"Etykiety, zabezpieczenie roślin",14,Logistyka,Tak,Do sprawdzenia
Ostateczne potwierdzenie wszystkich szczegółów,15. Potwierdzenie,Do zrobienia,Krytyczne,Koordynacja,2025-08-29,Klient/noclegi/auto – potwierdzenia,15,Planowanie,Tak,Do sprawdzenia
Wyjazd do Kielc,16. Wyjazd,Do zrobienia,Krytyczne,Logistyka/Koordynacja,2025-08-30,"Załadunek, lista obecności",16,Planowanie,Tak,Do sprawdzenia
Rozpoczęcie montażu dekoracji,17-20. Montaż dekoracji,Do zrobienia,Normalne,Montaż/Ogrodnictwo,2025-08-30,Panele + podkład,17-20,Montaż,Tak,Do sprawdzenia
Kontynuacja montażu dekoracji,17-20. Montaż dekoracji,Do zrobienia,Normalne,Montaż/Ogrodnictwo,2025-08-31,"Kieszenie, tekstylia, rośliny",17-20,Montaż,Tak,Do sprawdzenia
Sprawdzenie postępów i ewentualne korekty,Inne,Do zrobienia,Normalne,Koordynacja,2025-08-31,Dokumentacja zdjęciowa,,Planowanie,Tak,Do sprawdzenia
Zakończenie montażu dekoracji,17-20. Montaż dekoracji,Do zrobienia,Krytyczne,Montaż/Ogrodnictwo,2025-09-01,Ostatnie poprawki i porządek,17-20,Montaż,Tak,Do sprawdzenia
Przygotowanie stoisk na targi,21. Przygotowanie stoisk,Do zrobienia,Normalne,Montaż/Ogrodnictwo,2025-09-01,"Oświetlenie, czystość, ekspozycja",21,Montaż,Tak,Do sprawdzenia
Podziel zadania na etapy,Inne,Do zrobienia,Normalne,Koordynacja,2025-08-22,,,Planowanie,Tak,Do sprawdzenia
Oszacuj czas (roboczogodziny),Inne,Do zrobienia,Normalne,Koordynacja,2025-08-22,,,Planowanie,Tak,Do sprawdzenia
Przypisz osoby,Inne,Do zrobienia,Normalne,Koordynacja,2025-08-22,,,Planowanie,Tak,Do sprawdzenia
Lista osób i kontaktów,Inne,Do zrobienia,Normalne,Koordynacja,2025-08-22,,,Planowanie,Tak,Do sprawdzenia
Sprawdzenie dostępności,Inne,Do zrobienia,Normalne,Koordynacja,2025-08-22,,,Planowanie,Tak,Do sprawdzenia
Przydział ról,Inne,Do zrobienia,Normalne,Koordynacja,2025-08-22,,,Planowanie,Tak,Do sprawdzenia
Sprawdź aloweogrodowe.pl,Inne,Do zrobienia,Krytyczne,Zakupy,2025-08-23,,,Zakupy,Tak,Do sprawdzenia
Zrób zrzut ekranu oferty,Inne,Do zrobienia,Krytyczne,Zakupy,2025-08-23,,,Zakupy,Tak,Do sprawdzenia
Zanotuj czas dostawy,Inne,Do zrobienia,Krytyczne,Zakupy,2025-08-23,,,Zakupy,Tak,Do sprawdzenia
Policz ilość paneli,Inne,Do zrobienia,Krytyczne,Zakupy,2025-08-23,,,Zakupy,Tak,Do sprawdzenia
Złóż zamówienie,Inne,Do zrobienia,Krytyczne,Zakupy,2025-08-23,,,Zakupy,Tak,Do sprawdzenia
Potwierdź termin dostawy,Inne,Do zrobienia,Krytyczne,Zakupy,2025-08-23,,,Zakupy,Tak,Do sprawdzenia
Wybór kleju (parametry),Inne,Do zrobienia,Normalne,Zakupy/Montaż,2025-08-24,,,Zakupy,Tak,Do sprawdzenia
Wybór tekstyliów (próbki),Inne,Do zrobienia,Normalne,Zakupy/Montaż,2025-08-24,,,Zakupy,Tak,Do sprawdzenia
Określ grubość dykty,Inne,Do zrobienia,Normalne,Zakupy/Montaż,2025-08-24,,,Zakupy,Tak,Do sprawdzenia
Policz rośliny,Inne,Do zrobienia,Normalne,Ogrodnictwo,2025-08-24,,,Ogrodnictwo,Tak,Do sprawdzenia
Narysuj układ kieszeni,Inne,Do zrobienia,Normalne,Ogrodnictwo,2025-08-24,,,Ogrodnictwo,Tak,Do sprawdzenia
Zamów zapas 2–3 szt.,Inne,Do zrobienia,Normalne,Ogrodnictwo,2025-08-24,,,Ogrodnictwo,Tak,Do sprawdzenia
Lista gatunków i donic,Inne,Do zrobienia,Krytyczne,Ogrodnictwo/Logistyka,2025-08-25,,,Logistyka,Tak,Do sprawdzenia
"Materiały ochronne (folie, kartony)",Inne,Do zrobienia,Krytyczne,Ogrodnictwo/Logistyka,2025-08-25,,,Logistyka,Tak,Do sprawdzenia
Plan trasy i godziny,Inne,Do zrobienia,Krytyczne,Ogrodnictwo/Logistyka,2025-08-25,,,Logistyka,Tak,Do sprawdzenia
Wybór hotelu,Inne,Do zrobienia,Normalne,Logistyka,2025-08-25,,,Logistyka,Tak,Do sprawdzenia
Rezerwacja pokoi,Inne,Do zrobienia,Normalne,Logistyka,2025-08-25,,,Logistyka,Tak,Do sprawdzenia
Potwierdzenie mailowe,Inne,Do zrobienia,Normalne,Logistyka,2025-08-25,,,Logistyka,Tak,Do sprawdzenia
Określ liczbę monterów,Inne,Do zrobienia,Normalne,Koordynacja/Montaż,2025-08-26,,,Planowanie,Tak,Do sprawdzenia
Ustal stawki i godziny,Inne,Do zrobienia,Normalne,Koordynacja/Montaż,2025-08-26,,,Planowanie,Tak,Do sprawdzenia
Potwierdź obecność,Inne,Do zrobienia,Normalne,Koordynacja/Montaż,2025-08-26,,,Planowanie,Tak,Do sprawdzenia
Wybór pojazdu,Inne,Do zrobienia,Normalne,Logistyka,2025-08-26,,,Logistyka,Tak,Do sprawdzenia
Rezerwacja busa/auta,Inne,Do zrobienia,Normalne,Logistyka,2025-08-26,,,Logistyka,Tak,Do sprawdzenia
Sprawdzenie ubezpieczenia,Inne,Do zrobienia,Normalne,Logistyka,2025-08-26,,,Logistyka,Tak,Do sprawdzenia
Rozpisz dni i kamienie,Inne,Do zrobienia,Krytyczne,Koordynacja,2025-08-27,,,Planowanie,Tak,Do sprawdzenia
Dodaj bufor czasu,Inne,Do zrobienia,Krytyczne,Koordynacja,2025-08-27,,,Planowanie,Tak,Do sprawdzenia
Zatwierdź z zespołem,Inne,Do zrobienia,Krytyczne,Koordynacja,2025-08-27,,,Planowanie,Tak,Do sprawdzenia
Sprawdź ilość i jakość,Inne,Do zrobienia,Normalne,Zakupy,2025-08-28,,,Zakupy,Tak,Do sprawdzenia
Zrób zdjęcia,Inne,Do zrobienia,Normalne,Zakupy,2025-08-28,,,Zakupy,Tak,Do sprawdzenia
Zgłoś braki,Inne,Do zrobienia,Normalne,Zakupy,2025-08-28,,,Zakupy,Tak,Do sprawdzenia
Lista narzędzi,Inne,Do zrobienia,Normalne,Montaż,2025-08-28,,,Montaż,Tak,Do sprawdzenia
Test sprzętu i baterii,Inne,Do zrobienia,Normalne,Montaż,2025-08-28,,,Montaż,Tak,Do sprawdzenia
Zakup braków,Inne,Do zrobienia,Normalne,Montaż,2025-08-28,,,Montaż,Tak,Do sprawdzenia
Pakowanie materiałów,14. Pakowanie,Do zrobienia,Normalne,Logistyka/Ogrodnictwo,2025-08-29,,14,Logistyka,Tak,Do sprawdzenia
Etykietowanie kartonów,Inne,Do zrobienia,Normalne,Logistyka/Ogrodnictwo,2025-08-29,,,Logistyka,Tak,Do sprawdzenia
Zabezpieczenie roślin,Inne,Do zrobienia,Normalne,Logistyka/Ogrodnictwo,2025-08-29,,,Logistyka,Tak,Do sprawdzenia
Telefon do klienta,Inne,Do zrobienia,Krytyczne,Koordynacja,2025-08-29,,,Planowanie,Tak,Do sprawdzenia
Potwierdź noclegi i auto,Inne,Do zrobienia,Krytyczne,Koordynacja,2025-08-29,,,Planowanie,Tak,Do sprawdzenia
Wyślij PDF z planem,Inne,Do zrobienia,Krytyczne,Koordynacja,2025-08-29,,,Planowanie,Tak,Do sprawdzenia
Spotkanie poranne,Inne,Do zrobienia,Krytyczne,Logistyka/Koordynacja,2025-08-30,,,Planowanie,Tak,Do sprawdzenia
Załadunek,Inne,Do zrobienia,Krytyczne,Logistyka/Koordynacja,2025-08-30,,,Planowanie,Tak,Do sprawdzenia
Wyjazd wg planu,Inne,Do zrobienia,Krytyczne,Logistyka/Koordynacja,2025-08-30,,,Planowanie,Tak,Do sprawdzenia
Rozładunek,Inne,Do zrobienia,Normalne,Montaż/Ogrodnictwo,2025-08-30,,,Montaż,Tak,Do sprawdzenia
Montaż paneli,17-20. Montaż dekoracji,Do zrobienia,Normalne,Montaż/Ogrodnictwo,2025-08-30,,17-20,Montaż,Tak,Do sprawdzenia
Montaż podkładu,17-20. Montaż dekoracji,Do zrobienia,Normalne,Montaż/Ogrodnictwo,2025-08-30,,17-20,Montaż,Tak,Do sprawdzenia
Montaż kieszeni,17-20. Montaż dekoracji,Do zrobienia,Normalne,Montaż/Ogrodnictwo,2025-08-31,,17-20,Montaż,Tak,Do sprawdzenia
Instalacja tekstyliów,Inne,Do zrobienia,Normalne,Montaż/Ogrodnictwo,2025-08-31,,,Montaż,Tak,Do sprawdzenia
Sadzenie roślin,Inne,Do zrobienia,Normalne,Montaż/Ogrodnictwo,2025-08-31,,,Montaż,Tak,Do sprawdzenia
Przegląd jakości,Inne,Do zrobienia,Normalne,Koordynacja,2025-08-31,,,Planowanie,Tak,Do sprawdzenia
Korekty,Inne,Do zrobienia,Normalne,Koordynacja,2025-08-31,,,Planowanie,Tak,Do sprawdzenia
Zdjęcia dokumentacyjne,Inne,Do zrobienia,Normalne,Koordynacja,2025-08-31,,,Planowanie,Tak,Do sprawdzenia
Ostatnie poprawki,Inne,Do zrobienia,Krytyczne,Montaż/Ogrodnictwo,2025-09-01,,,Montaż,Tak,Do sprawdzenia
Sprzątanie,Inne,Do zrobienia,Krytyczne,Montaż/Ogrodnictwo,2025-09-01,,,Montaż,Tak,Do sprawdzenia
Przegląd końcowy,Inne,Do zrobienia,Krytyczne,Montaż/Ogrodnictwo,2025-09-01,,,Montaż,Tak,Do sprawdzenia
Ustaw ekspozycje,Inne,Do zrobienia,Normalne,Montaż/Ogrodnictwo,2025-09-01,,,Montaż,Tak,Do sprawdzenia
Sprawdź oświetlenie,Inne,Do zrobienia,Normalne,Montaż/Ogrodnictwo,2025-09-01,,,Montaż,Tak,Do sprawdzenia
Finalne zdjęcia,Inne,Do zrobienia,Normalne,Montaż/Ogrodnictwo,2025-09-01,,,Montaż,Tak,Do sprawdzenia
