Task,Status,Priority,Role,Date,Notes,Parent,Owner,Dependency
Potwierdzenie klienta,Do zrobienia,Krytyczne,Koordynacja,2025-08-22,Zakres i specyfikacja,15. Potwierdzenie,Koordynacja,
Opracowanie listy zadań + estymacje,Do zrobienia,Normalne,Koordynacja,2025-08-22,Tabela roboczogodzin,01. Planowanie,Koordynacja,
Przydzielenie zasobów,Do zrobienia,Normalne,Koordynacja,2025-08-22,Przypisz role,02. Zasoby,Koordynacja,
Sprawdzenie paneli,Do zrobienia,Krytyczne,Zakupy,2025-08-23,"Model, ilość, cena",03-04. Panele,Zakupy,
Porównanie dostawców paneli,Do zrobienia,Normalne,Zakupy,2025-08-23,Min. 2 alternatywy,03-04. Panele,Zakupy,Sprawdzenie paneli
Zamówienie paneli,Do zrobienia,Krytyczne,Zakupy,2025-08-23,Dostawa do 29.08,03-04. Panele,Zakupy,
Potwierdzenie specyfikacji materiałów,Do zrobienia,Normalne,Zakupy/Montaż,2025-08-24,"Klej, tekstylia, dykta",15. Potwierdzenie,Zakupy/Montaż,
Zweryfikowanie liczby kieszeni,Do zrobienia,Normalne,Ogrodnictwo,2025-08-24,Układ + zapas,Inne,Ogrodnictwo,
Plan transportu roślin,Do zrobienia,Krytyczne,Ogrodnictwo/Logistyka,2025-08-25,"Lista roślin, kierowca",07. Transport,Ogrodnictwo/Logistyka,Kieszenie roślin
Zorganizowanie noclegów,Do zrobienia,Normalne,Logistyka,2025-08-25,Blisko hali,08. Noclegi,Logistyka,
Dogadanie ludzi do montażu,Do zrobienia,Normalne,Koordynacja/Montaż,2025-08-26,2–3 osoby,09. Ludzie do montażu,Koordynacja/Montaż,Wyjazd do Kielc
Zarezerwowanie samochodu,Do zrobienia,Normalne,Logistyka,2025-08-26,Bus/van,Inne,Logistyka,
Harmonogram + kamienie milowe,Do zrobienia,Krytyczne,Koordynacja,2025-08-27,Plan 22–31.08,11. Harmonogram,Koordynacja,
Rozpisanie ról i godzin pracy,Do zrobienia,Normalne,Koordynacja,2025-08-27,Tablica z godzinami,Inne,Koordynacja,
Sprawdzenie stanu dostaw,Do zrobienia,Normalne,Zakupy,2025-08-28,Zgodność + zdjęcia,Inne,Zakupy,
Przygotowanie narzędzi,Do zrobienia,Normalne,Montaż,2025-08-28,"Wkrętarki, noże, baterie",Inne,Montaż,
Pakowanie,Do zrobienia,Normalne,Logistyka/Ogrodnictwo,2025-08-29,"Etykiety, zabezpieczenia",14. Pakowanie,Logistyka/Ogrodnictwo,
Ostateczne potwierdzenie szczegółów,Do zrobienia,Krytyczne,Koordynacja,2025-08-29,Klient/noclegi/auto,15. Potwierdzenie,Koordynacja,
Wyjazd do Kielc,Do zrobienia,Krytyczne,Logistyka/Koordynacja,2025-08-30,"Załadunek, obecność",16. Wyjazd,Logistyka/Koordynacja,
Zakwaterowanie + rozładunek,Do zrobienia,Normalne,Logistyka,2025-08-30,Spotkanie wieczorne,Inne,Logistyka,
Rozpoczęcie montażu,Do zrobienia,Normalne,Montaż/Ogrodnictwo,2025-08-30,Panele i podkład,17-20. Montaż,Montaż/Ogrodnictwo,Wyjazd do Kielc
Kontynuacja montażu,Do zrobienia,Normalne,Montaż/Ogrodnictwo,2025-08-31,"Kieszenie, rośliny",17-20. Montaż,Montaż/Ogrodnictwo,Wyjazd do Kielc
Sprawdzenie postępów + korekty,Do zrobienia,Normalne,Koordynacja,2025-08-31,Dokumentacja,Inne,Koordynacja,
Zakończenie montażu,Do zrobienia,Krytyczne,Montaż/Ogrodnictwo,2025-09-01,Ostatnie poprawki,17-20. Montaż,Montaż/Ogrodnictwo,Wyjazd do Kielc
Przygotowanie stoisk,Do zrobienia,Normalne,Montaż/Ogrodnictwo,2025-09-01,"Oświetlenie, czystość",21. Stoisko,Montaż/Ogrodnictwo,
Odbiór klienta,Do zrobienia,Krytyczne,Koordynacja,2025-09-01,"Prezentacja, feedback",Inne,Koordynacja,
